attempt_id,base_id,source,label,base_text,tts_text,severity,tts_backend,voice,tts_quality,transcript,similarity,token_recall,status,flags,audio_path,error
dataset:6:v1,dataset:6,dataset,YES,"Mach das, die Frequenz kann geändert werden.","Mach das, die Frequenz kann geändert werden.",moderate,piper,de_DE-karlsson-low,low,mach das die frequenz kann geändert werden,1.0,1.0,generated,identical_to_clean,,
dataset:7:v1,dataset:7,dataset,YES,"Ja, stelle die Frequenz auf den genannten Wert.","Ja, stelle die Frequenz auf den genannten Wert.",moderate,piper,de_DE-thorsten-medium,medium,ja stelle die frequenz auf den genannten wert,1.0,1.0,generated,identical_to_clean,,
dataset:9:v1,dataset:9,dataset,YES,Bitte bestätige die Frequenzänderung und führe sie aus.,Bitte bestätige die Frequenzänderung und führe sie aus.,moderate,piper,de_DE-karlsson-low,low,bitte bestätige die frequenz änderung und führe sie aus,0.990826,0.875,generated,near_duplicate_clean,,
dataset:10:v1,dataset:10,dataset,YES,"Ja, die Frequenz soll höher werden.","Ja, die Frequenz soll höher werden.",moderate,piper,de_DE-thorsten-high,high,ja die frequenz soll höhe werden,0.984615,0.833333,generated,near_duplicate_clean,,
dataset:11:v1,dataset:11,dataset,YES,"Ja, die Frequenz darf niedriger gesetzt werden.","Ja, die Frequenz darf niedriger gesetzt werden.",clean,piper,de_DE-kerstin-low,low,ja die frequenz darf niedriger gesetzt werden,1.0,1.0,generated,identical_to_clean,,
dataset:12:v1,dataset:12,dataset,YES,"Richtig, nimm für die Frequenz den neuen Wert.","Richtig, nimm für die Frequenz den neuen Wert.",moderate,piper,de_DE-thorsten-high,high,durchweg nimmt die begrenzte neuen werden,0.682353,0.25,generated,heavy_information_loss,,
dataset:14:v1,dataset:14,dataset,YES,"Ja, so möchte ich die Frequenz haben.","Ja, so möchte ich die Frequenz haben.",clean,piper,de_DE-thorsten-high,high,ja so möchte ich die frequenz haben,1.0,1.0,generated,identical_to_clean,,
dataset:16:v1,dataset:16,dataset,YES,"Genau so, die Frequenz kannst du einstellen.","Genau so, die Frequenz kannst du einstellen.",clean,piper,de_DE-karlsson-low,low,genauso die frequenz kannst du einstellen,0.987952,0.714286,generated,near_duplicate_clean,,
dataset:18:v1,dataset:18,dataset,YES,"Ja bitte, setze die Signalrate so.","Ja bitte, setze die Signalrate so.",clean,piper,de_DE-karlsson-low,low,ja bitte setze die signal rate so,0.984615,0.833333,generated,near_duplicate_clean,,
dataset:20:v1,dataset:20,dataset,YES,"Mach das, die Signale sollen häufiger kommen.","Mach das, die Signale sollen häufiger kommen.",clean,piper,de_DE-karlsson-low,low,mach das die signale sollen häufiger kommen,1.0,1.0,generated,identical_to_clean,,
dataset:24:v1,dataset:24,dataset,YES,"Okay, ändere die Signalgeschwindigkeit entsprechend.","Okay, ändere die Signalgeschwindigkeit entsprechend.",moderate,piper,de_DE-thorsten-high,high,wir können kinder die sigmar geschwindigkeit entsprechen,0.792453,0.2,generated,heavy_information_loss,,
dataset:26:v1,dataset:26,dataset,YES,"Ja, übernimm diese Einstellung für die Signalrate.","Ja, übernimm diese Einstellung für die Signalrate.",moderate,piper,de_DE-kerstin-low,low,ja übernimmt diese einstellung für die signal rate,0.979592,0.714286,generated,near_duplicate_clean,,
dataset:29:v1,dataset:29,dataset,YES,"Das ist richtig, nimm die neue Signalrate.","Das ist richtig, nimm die neue Signalrate.",clean,piper,de_DE-thorsten-high,high,das ist richtig nimm die neues signal rate,0.97561,0.714286,generated,near_duplicate_clean,,
dataset:30:v1,dataset:30,dataset,YES,Genau so sollen die Abstandshinweise wiederholt werden.,Genau so sollen die Abstandshinweise wiederholt werden.,moderate,piper,de_DE-thorsten-high,high,genau so sollen die abstand hinweise wiederholt werden,0.981481,0.857143,generated,near_duplicate_clean,,
dataset:32:v1,dataset:32,dataset,YES,"Ja, sprich künftig schneller.","Ja, sprich künftig schneller.",clean,piper,de_DE-thorsten-medium,medium,ja spricht künftig schneller,0.981818,0.75,generated,near_duplicate_clean,,
dataset:33:v1,dataset:33,dataset,YES,"Ja bitte, ändere die Sprechgeschwindigkeit.","Ja bitte, ändere die Sprechgeschwindigkeit.",moderate,piper,de_DE-kerstin-low,low,ja bitte ändere die sprechgeschwindigkeit,1.0,1.0,generated,identical_to_clean,,
dataset:34:v1,dataset:34,dataset,YES,"Genau, das Sprechtempo soll langsamer werden.","Genau, das Sprechtempo soll langsamer werden.",clean,piper,de_DE-thorsten-high,high,genau das sprechtempo soll langsamer werden,1.0,1.0,generated,identical_to_clean,,
dataset:35:v1,dataset:35,dataset,YES,"Mach das, erhöhe das Vorlesetempo.","Mach das, erhöhe das Vorlesetempo.",clean,piper,de_DE-thorsten-high,high,mach das erhöhe das vorlese tempo,0.984615,0.8,generated,near_duplicate_clean,,
dataset:36:v1,dataset:36,dataset,YES,"Einverstanden, reduziere die Geschwindigkeit der Sprachausgabe.","Einverstanden, reduziere die Geschwindigkeit der Sprachausgabe.",moderate,piper,de_DE-kerstin-low,low,einverstanden reduziere die geschwindigkeit der sprachausgabe,1.0,1.0,generated,identical_to_clean,,
dataset:40:v1,dataset:40,dataset,YES,"Ja, die Stimme darf langsamer sprechen.","Ja, die Stimme darf langsamer sprechen.",clean,piper,de_DE-thorsten-medium,medium,ja die stimme darf langsame sprechen,0.986301,0.833333,generated,near_duplicate_clean,,
dataset:41:v1,dataset:41,dataset,YES,Bitte führe die Tempoänderung aus.,Bitte führe die Tempoänderung aus.,moderate,piper,de_DE-kerstin-low,low,bitte führe die tempo änderung aus,0.985075,0.8,generated,near_duplicate_clean,,
dataset:42:v1,dataset:42,dataset,YES,Genau so soll die Sprachausgabe künftig sprechen.,Genau so soll die Sprachausgabe künftig sprechen.,clean,piper,de_DE-thorsten-high,high,genauso soll die sprachausgabe künftig sprechen,0.989474,0.714286,generated,near_duplicate_clean,,
dataset:44:v1,dataset:44,dataset,YES,"Das passt, stelle die Geschwindigkeit so ein.","Das passt, stelle die Geschwindigkeit so ein.",moderate,piper,de_DE-thorsten-high,high,das passt stelle die geschwindigkeit so ein,1.0,1.0,generated,identical_to_clean,,
dataset:46:v1,dataset:46,dataset,YES,"Einverstanden, ändere die Geschwindigkeit der Ausgabe.","Einverstanden, ändere die Geschwindigkeit der Ausgabe.",moderate,piper,de_DE-kerstin-low,low,einverstanden ändere die geschwindigkeit der ausgabe,1.0,1.0,generated,identical_to_clean,,
dataset:47:v1,dataset:47,dataset,YES,"Ja, stelle die Stimme auf männlich.","Ja, stelle die Stimme auf männlich.",clean,piper,de_DE-thorsten-high,high,ja stelle die stimme auf männlich,1.0,1.0,generated,identical_to_clean,,
dataset:48:v1,dataset:48,dataset,YES,"Ja bitte, nimm die weibliche Stimme.","Ja bitte, nimm die weibliche Stimme.",moderate,piper,de_DE-thorsten-high,high,ja bitte nimm die weibliche stimme,1.0,1.0,generated,identical_to_clean,,
dataset:50:v1,dataset:50,dataset,YES,"Mach das, ich möchte die andere Stimme hören.","Mach das, ich möchte die andere Stimme hören.",clean,piper,de_DE-karlsson-low,low,mach das ich möchte die andere stimme hören,1.0,1.0,generated,identical_to_clean,,
dataset:51:v1,dataset:51,dataset,YES,"Einverstanden, verwende ab jetzt die Männerstimme.","Einverstanden, verwende ab jetzt die Männerstimme.",clean,piper,de_DE-karlsson-low,low,einverstanden verwende ab jetzt die männer stimmen,0.979592,0.833333,generated,near_duplicate_clean,,
dataset:52:v1,dataset:52,dataset,YES,"Ja, nimm künftig die Frauenstimme.","Ja, nimm künftig die Frauenstimme.",moderate,piper,de_DE-thorsten-high,high,ja nimm künftig die frauenstimme,1.0,1.0,generated,identical_to_clean,,
dataset:53:v1,dataset:53,dataset,YES,"Okay, ändere die Sprecherstimme.","Okay, ändere die Sprecherstimme.",moderate,piper,de_DE-thorsten-medium,medium,okay ändere die sprecherstimme,1.0,1.0,generated,identical_to_clean,,
dataset:54:v1,dataset:54,dataset,YES,"Richtig, die aktuelle Stimme soll gewechselt werden.","Richtig, die aktuelle Stimme soll gewechselt werden.",clean,piper,de_DE-thorsten-high,high,richtig die aktuelle stimme soll gewechselt werden,1.0,1.0,generated,identical_to_clean,,
dataset:56:v1,dataset:56,dataset,YES,"Genau so, verwende den anderen Sprecher.","Genau so, verwende den anderen Sprecher.",moderate,piper,de_DE-kerstin-low,low,genauso verwende den anderen sprecher,0.986667,0.666667,generated,near_duplicate_clean,,
dataset:57:v1,dataset:57,dataset,YES,"Ja, die Stimme darf geändert werden.","Ja, die Stimme darf geändert werden.",moderate,piper,de_DE-thorsten-high,high,ja die stimme darf geändert werden,1.0,1.0,generated,identical_to_clean,,
dataset:59:v1,dataset:59,dataset,YES,"Das passt, stelle die gewünschte Stimme ein.","Das passt, stelle die gewünschte Stimme ein.",clean,piper,de_DE-kerstin-low,low,das passt stelle die gewünschte stimme ein,1.0,1.0,generated,identical_to_clean,,
dataset:61:v1,dataset:61,dataset,YES,"Einverstanden, wechsel auf die genannte Stimme.","Einverstanden, wechsel auf die genannte Stimme.",moderate,piper,de_DE-karlsson-low,low,einverstanden wechselt auf die genannte stimmen,0.978261,0.666667,generated,near_duplicate_clean,,
dataset:62:v1,dataset:62,dataset,YES,"Ja, verlasse die Einstellungen und lies den Text.","Ja, verlasse die Einstellungen und lies den Text.",clean,piper,de_DE-karlsson-low,low,ja verlasse die einstellungen und lies den text,1.0,1.0,generated,identical_to_clean,,
dataset:63:v1,dataset:63,dataset,YES,"Ja bitte, geh aus den Einstellungen und erkenne das Objekt.","Ja bitte, geh aus den Einstellungen und erkenne das Objekt.",moderate,piper,de_DE-thorsten-high,high,ja bitte geh aus den einstellungen und erkenne das objekt,1.0,1.0,generated,identical_to_clean,,
dataset:64:v1,dataset:64,dataset,YES,"Genau, verlasse das Menü und miss den Abstand.","Genau, verlasse das Menü und miss den Abstand.",clean,piper,de_DE-karlsson-low,low,genau verlasse das menü und miss den abstand,1.0,1.0,generated,identical_to_clean,,
dataset:68:v1,dataset:68,dataset,YES,"Ja bitte, verlasse das Einstellungsmenü und bestimme die Entfernung.","Ja bitte, verlasse das Einstellungsmenü und bestimme die Entfernung.",clean,piper,de_DE-kerstin-low,low,ja bitte verlasse das einstellung menü und bestimme die entfernung,0.984848,0.888889,generated,near_duplicate_clean,,
dataset:70:v1,dataset:70,dataset,YES,"Ja, wechsel aus den Einstellungen zur Texterkennung.","Ja, wechsel aus den Einstellungen zur Texterkennung.",clean,piper,de_DE-kerstin-low,low,ja wechsel aus den einstellungen zur texter kennung,0.990099,0.857143,generated,near_duplicate_clean,,
dataset:71:v1,dataset:71,dataset,YES,"Okay, verlasse das Menü und schau, was vor mir ist.","Okay, verlasse das Menü und schau, was vor mir ist.",moderate,piper,de_DE-thorsten-medium,medium,okay verlasse das menü und schau was vor mir ist,1.0,1.0,generated,identical_to_clean,,
dataset:72:v1,dataset:72,dataset,YES,Bitte beende die Einstellungen und führe meinen vorherigen Befehl aus.,Bitte beende die Einstellungen und führe meinen vorherigen Befehl aus.,clean,piper,de_DE-karlsson-low,low,bitte beende die einstellungen und führe meinen vorherigen befehl aus,1.0,1.0,generated,identical_to_clean,,
dataset:73:v1,dataset:73,dataset,YES,"Ja, ich möchte die Einstellungen verlassen und mit der Messung fortfahren.","Ja, ich möchte die Einstellungen verlassen und mit der Messung fortfahren.",clean,piper,de_DE-karlsson-low,low,ja ich möchte die einstellungen verlassen und mit der messung fortfahren,1.0,1.0,generated,identical_to_clean,,
dataset:76:v1,dataset:76,dataset,YES,"Einverstanden, verlasse den Einstellungsdialog und führe die gespeicherte Aktion aus.","Einverstanden, verlasse den Einstellungsdialog und führe die gespeicherte Aktion aus.",clean,piper,de_DE-karlsson-low,low,einverstanden verlasse den einstellungen dialog und führe die gespeicherte aktion aus,0.97619,0.9,generated,near_duplicate_clean,,
dataset:77:v1,dataset:77,dataset,NO,"Nein, ändere die Frequenz nicht.","Nein, ändere die Frequenz nicht.",clean,piper,de_DE-karlsson-low,low,nein ändere die frequenzen,0.892857,0.6,generated,negation_lost,,
dataset:78:v1,dataset:78,dataset,NO,"Nein, ich möchte die Frequenz nicht ändern.","Nein, ich möchte die Frequenz nicht ändern.",moderate,piper,de_DE-thorsten-medium,medium,nein ich möchte die frequenz nicht ändern,1.0,1.0,generated,identical_to_clean,,
dataset:79:v1,dataset:79,dataset,NO,Lass die Frequenz bitte wie sie ist.,Lass die Frequenz bitte wie sie ist.,moderate,piper,de_DE-thorsten-high,high,lass die frequenz bitte wie sie ist,1.0,1.0,generated,identical_to_clean,,
dataset:81:v1,dataset:81,dataset,NO,"Mach das nicht, die Frequenz soll unverändert bleiben.","Mach das nicht, die Frequenz soll unverändert bleiben.",clean,piper,de_DE-thorsten-high,high,macht das nicht die frequenz soll unverändert bleiben,0.990476,0.875,generated,near_duplicate_clean,,
dataset:82:v1,dataset:82,dataset,NO,"Nein, stelle die Frequenz nicht auf den genannten Wert.","Nein, stelle die Frequenz nicht auf den genannten Wert.",moderate,piper,de_DE-kerstin-low,low,nein stelle die frequenz nicht auf den genannten wert,1.0,1.0,generated,identical_to_clean,,
dataset:83:v1,dataset:83,dataset,NO,"Das passt so nicht, ändere die Frequenz nicht.","Das passt so nicht, ändere die Frequenz nicht.",moderate,piper,de_DE-thorsten-high,high,das passt so nicht andere die frequenz nicht,0.977273,0.875,generated,near_duplicate_clean,,
dataset:84:v1,dataset:84,dataset,NO,Bitte verwirf die vorgeschlagene Frequenzänderung.,Bitte verwirf die vorgeschlagene Frequenzänderung.,moderate,piper,de_DE-kerstin-low,low,bitte verwirft die vorgeschlagene frequenz änderung,0.98,0.6,generated,near_duplicate_clean,,
dataset:89:v1,dataset:89,dataset,NO,"Nein, so möchte ich die Frequenz nicht haben.","Nein, so möchte ich die Frequenz nicht haben.",clean,piper,de_DE-kerstin-low,low,nein so möchte ich die frequenz nicht haben,1.0,1.0,generated,identical_to_clean,,
dataset:90:v1,dataset:90,dataset,NO,Übernimm diese Frequenzeinstellung bitte nicht.,Übernimm diese Frequenzeinstellung bitte nicht.,clean,piper,de_DE-thorsten-medium,medium,übernimmt diese frequenz einstellung bitte nicht,0.978723,0.6,generated,near_duplicate_clean,,
dataset:91:v1,dataset:91,dataset,NO,"Nein, führe die Frequenzänderung nicht aus.","Nein, führe die Frequenzänderung nicht aus.",clean,piper,de_DE-thorsten-high,high,nein führe die frequenz änderung nicht aus,0.987952,0.833333,generated,near_duplicate_clean,,
dataset:93:v1,dataset:93,dataset,NO,"Nein bitte, lass die Signalrate unverändert.","Nein bitte, lass die Signalrate unverändert.",clean,piper,de_DE-thorsten-medium,medium,nein bitte lass die signal rate unverändert,0.988235,0.833333,generated,near_duplicate_clean,,
dataset:94:v1,dataset:94,dataset,NO,Übernimm den neuen BPS-Wert nicht.,Übernimm den neuen Be Pe Es-Wert nicht.,moderate,piper,de_DE-thorsten-high,high,übernimmt den neuen gps werfen,0.825397,0.333333,generated,negation_lost,,
dataset:95:v1,dataset:95,dataset,NO,"Mach das nicht, die Signale sollen nicht häufiger kommen.","Mach das nicht, die Signale sollen nicht häufiger kommen.",clean,piper,de_DE-kerstin-low,low,macht das nicht die signale sollen nicht häufiger kommen,0.990991,0.888889,generated,near_duplicate_clean,,
dataset:96:v1,dataset:96,dataset,NO,"Nein, die Abstandssignale sollen nicht seltener werden.","Nein, die Abstandssignale sollen nicht seltener werden.",moderate,piper,de_DE-thorsten-medium,medium,nein die abstand signale sollen nicht seltener werden,0.981132,0.857143,generated,near_duplicate_clean,,
dataset:99:v1,dataset:99,dataset,NO,Die Signalrate soll unverändert bleiben.,Die Signalrate soll unverändert bleiben.,clean,piper,de_DE-thorsten-high,high,die signale rate soll unverändert bleiben,0.975,0.8,generated,near_duplicate_clean,,
dataset:100:v1,dataset:100,dataset,NO,"Nein, die Hinweistöne sollen nicht öfter kommen.","Nein, die Hinweistöne sollen nicht öfter kommen.",clean,piper,de_DE-thorsten-high,high,nein die hinweis töne sollen nicht öfter kommen,0.989247,0.857143,generated,near_duplicate_clean,,
dataset:101:v1,dataset:101,dataset,NO,Übernimm diese Einstellung für die Signalrate nicht.,Übernimm diese Einstellung für die Signalrate nicht.,moderate,piper,de_DE-karlsson-low,low,übernehmen diese einstellung für die signal raten,0.88,0.571429,generated,negation_lost,,
dataset:105:v1,dataset:105,dataset,NO,"Nein, passe die Abstandshinweise nicht so an.","Nein, passe die Abstandshinweise nicht so an.",moderate,piper,de_DE-thorsten-medium,medium,nein passe die abstand hinweise nicht so an,0.976744,0.857143,generated,near_duplicate_clean,,
dataset:108:v1,dataset:108,dataset,NO,"Nein bitte, ändere die Sprechgeschwindigkeit nicht.","Nein bitte, ändere die Sprechgeschwindigkeit nicht.",clean,piper,de_DE-kerstin-low,low,nein bitte ändere die sprechgeschwindigkeit nicht,1.0,1.0,generated,identical_to_clean,,
dataset:112:v1,dataset:112,dataset,NO,Setze das Sprechtempo nicht auf den genannten Wert.,Setze das Sprechtempo nicht auf den genannten Wert.,clean,piper,de_DE-thorsten-high,high,setze das sprechtempo nicht auf den genannten wert,1.0,1.0,generated,identical_to_clean,,
dataset:113:v1,dataset:113,dataset,NO,Lass die aktuelle Sprechgeschwindigkeit bestehen.,Lass die aktuelle Sprechgeschwindigkeit bestehen.,clean,piper,de_DE-thorsten-medium,medium,lass die aktuelle sprechgeschwindigkeit bestehen,1.0,1.0,generated,identical_to_clean,,
dataset:115:v1,dataset:115,dataset,NO,Die Stimme soll nicht langsamer sprechen.,Die Stimme soll nicht langsamer sprechen.,clean,piper,de_DE-kerstin-low,low,die stimme sollen nicht langsamer sprechen,0.97561,0.833333,generated,near_duplicate_clean,,
dataset:116:v1,dataset:116,dataset,NO,Bitte führe die Tempoänderung nicht aus.,Bitte führe die Tempoänderung nicht aus.,moderate,piper,de_DE-thorsten-medium,medium,bitte führe die tempo änderung nicht aus,0.987342,0.833333,generated,near_duplicate_clean,,
dataset:117:v1,dataset:117,dataset,NO,Lass die Sprachausgabe genau so schnell wie bisher.,Lass die Sprachausgabe genau so schnell wie bisher.,moderate,piper,de_DE-kerstin-low,low,lass die sprachausgabe genauso schnell wie bisher,0.989899,0.75,generated,near_duplicate_clean,,
dataset:119:v1,dataset:119,dataset,NO,Die Geschwindigkeit soll so bleiben.,Die Geschwindigkeit soll so bleiben.,clean,piper,de_DE-thorsten-medium,medium,die geschwindigkeit soll so bleiben,1.0,1.0,generated,identical_to_clean,,
dataset:120:v1,dataset:120,dataset,NO,Verwende das neue Sprechtempo bitte nicht.,Verwende das neue Sprechtempo bitte nicht.,clean,piper,de_DE-karlsson-low,low,verwende das neue sprechtempo bitte nicht,1.0,1.0,generated,identical_to_clean,,
dataset:121:v1,dataset:121,dataset,NO,"Nein, ändere die Geschwindigkeit der Ausgabe nicht.","Nein, ändere die Geschwindigkeit der Ausgabe nicht.",moderate,piper,de_DE-kerstin-low,low,nein ändere die geschwindigkeit der ausgabe nicht,1.0,1.0,generated,identical_to_clean,,
dataset:122:v1,dataset:122,dataset,NO,"Nein, stell die Stimme nicht auf männlich.","Nein, stell die Stimme nicht auf männlich.",clean,piper,de_DE-thorsten-high,high,nein stellt die stimme nicht auf männlich,0.987654,0.857143,generated,near_duplicate_clean,,
dataset:123:v1,dataset:123,dataset,NO,"Nein bitte, nimm nicht die weibliche Stimme.","Nein bitte, nimm nicht die weibliche Stimme.",moderate,piper,de_DE-thorsten-high,high,neuen bitte nämlich die weibliche stimme,0.878049,0.571429,generated,negation_lost,,
dataset:124:v1,dataset:124,dataset,NO,Wechsle den Sprecher nicht.,Wechsle den Sprecher nicht.,clean,piper,de_DE-thorsten-high,high,wechsle den sprecher nicht,1.0,1.0,generated,identical_to_clean,,
dataset:125:v1,dataset:125,dataset,NO,"Mach das nicht, ich möchte die aktuelle Stimme behalten.","Mach das nicht, ich möchte die aktuelle Stimme behalten.",moderate,piper,de_DE-thorsten-high,high,macht das nicht ich möchte die aktuelle stimme behalten,0.990826,0.888889,generated,near_duplicate_clean,,
dataset:129:v1,dataset:129,dataset,NO,Die aktuelle Stimme soll nicht gewechselt werden.,Die aktuelle Stimme soll nicht gewechselt werden.,moderate,piper,de_DE-thorsten-high,high,die aktuelle stimme soll nicht gewechselt werden,1.0,1.0,generated,identical_to_clean,,
dataset:131:v1,dataset:131,dataset,NO,"Nein, verwende nicht den anderen Sprecher.","Nein, verwende nicht den anderen Sprecher.",moderate,piper,de_DE-thorsten-high,high,nein verwende ich den anderen sprecher,0.974359,0.833333,generated,negation_lost,,
dataset:132:v1,dataset:132,dataset,NO,Die Stimme darf nicht geändert werden.,Die Stimme darf nicht geändert werden.,clean,piper,de_DE-kerstin-low,low,die stimme darf nicht geändert werden,1.0,1.0,generated,identical_to_clean,,
dataset:134:v1,dataset:134,dataset,NO,"Nein, stelle die gewünschte Stimme nicht ein.","Nein, stelle die gewünschte Stimme nicht ein.",clean,piper,de_DE-kerstin-low,low,nein stelle die gewünschte stimmen nicht ein,0.988506,0.857143,generated,near_duplicate_clean,,
dataset:135:v1,dataset:135,dataset,NO,Behalte die aktuelle Sprecherstimme.,Behalte die aktuelle Sprecherstimme.,moderate,piper,de_DE-kerstin-low,low,behaltet die aktuelle sprecherstimme,0.985915,0.75,generated,near_duplicate_clean,,
dataset:136:v1,dataset:136,dataset,NO,"Nein, wechsel nicht auf die genannte Stimme.","Nein, wechsel nicht auf die genannte Stimme.",moderate,piper,de_DE-kerstin-low,low,nein wechsel nicht auf die genannte stimme,1.0,1.0,generated,identical_to_clean,,
dataset:137:v1,dataset:137,dataset,NO,"Nein, bleib in den Einstellungen und lies den Text nicht.","Nein, bleib in den Einstellungen und lies den Text nicht.",clean,piper,de_DE-thorsten-medium,medium,nein bleibt in den einstellungen und lies den text nicht,0.990991,0.9,generated,near_duplicate_clean,,
dataset:139:v1,dataset:139,dataset,NO,Bleib im Menü und miss den Abstand nicht.,Bleib im Menü und miss den Abstand nicht.,moderate,piper,de_DE-thorsten-high,high,im menü und musste abstatten,0.676471,0.375,generated,negation_lost,,
dataset:140:v1,dataset:140,dataset,NO,"Nein, beende die Einstellungen nicht für meine andere Frage.","Nein, beende die Einstellungen nicht für meine andere Frage.",moderate,piper,de_DE-thorsten-medium,medium,nein beendet die einstellungen nicht für meine andere frage,0.991453,0.888889,generated,near_duplicate_clean,,
dataset:142:v1,dataset:142,dataset,NO,"Nein, geh nicht zurück zur Objekterkennung.","Nein, geh nicht zurück zur Objekterkennung.",moderate,piper,de_DE-kerstin-low,low,nein gehe nicht zurück zur objekt erkennung,0.97619,0.666667,generated,near_duplicate_clean,,
dataset:144:v1,dataset:144,dataset,NO,"Nein, schließe die Einstellungen nicht für die andere Funktion.","Nein, schließe die Einstellungen nicht für die andere Funktion.",clean,piper,de_DE-kerstin-low,low,nein schließe die einstellungen nicht für die andere funktion,1.0,1.0,generated,identical_to_clean,,
dataset:145:v1,dataset:145,dataset,NO,Bleib bei den Einstellungen und starte die Texterkennung nicht.,Bleib bei den Einstellungen und starte die Texterkennung nicht.,moderate,piper,de_DE-karlsson-low,low,bleibt bei den einstellungen und starte die text erkennung,0.933333,0.666667,generated,negation_lost,,
dataset:146:v1,dataset:146,dataset,NO,"Nein, geh nicht aus dem Menü, um nach vorne zu schauen.","Nein, geh nicht aus dem Menü, um nach vorne zu schauen.",moderate,piper,de_DE-kerstin-low,low,nein gehen nicht aus dem menü um nach vorne zu schauen,0.981132,0.909091,generated,near_duplicate_clean,,
dataset:148:v1,dataset:148,dataset,NO,"Nein, ich möchte die Einstellungen nicht für die Messung verlassen.","Nein, ich möchte die Einstellungen nicht für die Messung verlassen.",moderate,piper,de_DE-karlsson-low,low,nein ich möchte die einstellungen nicht für die messung verlassen,1.0,1.0,generated,identical_to_clean,,
dataset:151:v1,dataset:151,dataset,NO,Verwirf den gespeicherten Befehl und bleib in den Einstellungen.,Verwirf den gespeicherten Befehl und bleib in den Einstellungen.,clean,piper,de_DE-thorsten-medium,medium,verwirft den gespeicherten befehl und bleibt in den einstellungen,0.984375,0.777778,generated,near_duplicate_clean,,
dataset:154:v1,dataset:154,dataset,YES,"Das kannst du so übernehmen, die neue Frequenz ist in Ordnung.","Das kannst du so übernehmen, die neue Frequenz ist in Ordnung.",moderate,piper,de_DE-kerstin-low,low,das kannst du so übernehmen die neue frequenz ist in ordnung,1.0,1.0,generated,identical_to_clean,,
dataset:155:v1,dataset:155,dataset,YES,Von mir aus darfst du die Frequenz jetzt umstellen.,Von mir aus darfst du die Frequenz jetzt umstellen.,moderate,piper,de_DE-thorsten-high,high,von mir aus darfst du die frequenz jetzt umstellen,1.0,1.0,generated,identical_to_clean,,
dataset:156:v1,dataset:156,dataset,YES,"Ja genau, der vorgeschlagene Frequenzwert soll gelten.","Ja genau, der vorgeschlagene Frequenzwert soll gelten.",clean,piper,de_DE-thorsten-high,high,ja genau der vorgeschlagene frequenz wert soll gelten,0.990476,0.857143,generated,near_duplicate_clean,,
dataset:158:v1,dataset:158,dataset,YES,Ich bin mit der neuen Frequenz einverstanden.,Ich bin mit der neuen Frequenz einverstanden.,clean,piper,de_DE-karlsson-low,low,ich bin mit der neuen frequenz einverstanden,1.0,1.0,generated,identical_to_clean,,
dataset:159:v1,dataset:159,dataset,YES,"So ist es richtig, stell den Frequenzwert entsprechend ein.","So ist es richtig, stell den Frequenzwert entsprechend ein.",moderate,piper,de_DE-karlsson-low,low,so ist es richtig stellt den frequenz wert entsprechend ein,0.982759,0.777778,generated,near_duplicate_clean,,
dataset:160:v1,dataset:160,dataset,YES,Die Frequenzänderung kannst du bestätigen.,Die Frequenzänderung kannst du bestätigen.,clean,piper,de_DE-thorsten-high,high,die frequenz änderung kannst du bestätigen,0.987952,0.8,generated,near_duplicate_clean,,
dataset:161:v1,dataset:161,dataset,YES,"Nimm ruhig den Wert, den ich eben für die Frequenz genannt habe.","Nimm ruhig den Wert, den ich eben für die Frequenz genannt habe.",clean,piper,de_DE-thorsten-high,high,nimm ruhig den wert den ich eben für die frequenz genannt habe,1.0,1.0,generated,identical_to_clean,,
dataset:166:v1,dataset:166,dataset,YES,"Das ist die Frequenz, die ich haben möchte.","Das ist die Frequenz, die ich haben möchte.",moderate,piper,de_DE-thorsten-high,high,das ist die frequenz die ich haben möchte,1.0,1.0,generated,identical_to_clean,,
dataset:168:v1,dataset:168,dataset,YES,Für die Frequenz ist das so korrekt.,Für die Frequenz ist das so korrekt.,moderate,piper,de_DE-kerstin-low,low,für die frequenz ist das so korrekt,1.0,1.0,generated,identical_to_clean,,
dataset:170:v1,dataset:170,dataset,YES,"Ja, die Hinweise sollen in diesem Rhythmus kommen.","Ja, die Hinweise sollen in diesem Rhythmus kommen.",moderate,piper,de_DE-thorsten-medium,medium,ja die hinweise sollen in diesem rhythmus kommen,1.0,1.0,generated,identical_to_clean,,
dataset:171:v1,dataset:171,dataset,YES,Du kannst die Wiederholrate jetzt entsprechend ändern.,Du kannst die Wiederholrate jetzt entsprechend ändern.,moderate,piper,de_DE-thorsten-medium,medium,du kannst die wiederhole rate jetzt entsprechend ändern,0.981481,0.857143,generated,near_duplicate_clean,,
dataset:172:v1,dataset:172,dataset,YES,Der vorgeschlagene Abstand zwischen den Signalen ist richtig.,Der vorgeschlagene Abstand zwischen den Signalen ist richtig.,moderate,piper,de_DE-thorsten-medium,medium,der vorgeschlagene abstand zwischen den signal ist richtig,0.983051,0.875,generated,near_duplicate_clean,,
dataset:173:v1,dataset:173,dataset,YES,Genau diese Signalrate möchte ich verwenden.,Genau diese Signalrate möchte ich verwenden.,clean,piper,de_DE-karlsson-low,low,genau diese signal rate möchte ich verwenden,0.988506,0.833333,generated,near_duplicate_clean,,
dataset:177:v1,dataset:177,dataset,YES,"Ja, so oft sollen die Hinweise ausgegeben werden.","Ja, so oft sollen die Hinweise ausgegeben werden.",moderate,piper,de_DE-kerstin-low,low,ja so oft sollen die hinweise ausgegeben werden,1.0,1.0,generated,identical_to_clean,,
dataset:179:v1,dataset:179,dataset,YES,Speichere diese Einstellung für die Wiederholrate.,Speichere diese Einstellung für die Wiederholrate.,moderate,piper,de_DE-thorsten-high,high,speichere diese einstellung für die wiederhole rate,0.98,0.833333,generated,near_duplicate_clean,,
dataset:180:v1,dataset:180,dataset,YES,Das Intervall der Signale kannst du so übernehmen.,Das Intervall der Signale kannst du so übernehmen.,moderate,piper,de_DE-karlsson-low,low,das intervall der signale kannst du so übernehmen,1.0,1.0,generated,identical_to_clean,,
dataset:182:v1,dataset:182,dataset,YES,Diese Rate für die Signaltöne ist in Ordnung.,Diese Rate für die Signaltöne ist in Ordnung.,clean,piper,de_DE-thorsten-medium,medium,diese rate für die signal töne ist in ordnung,0.988764,0.875,generated,near_duplicate_clean,,
dataset:187:v1,dataset:187,dataset,YES,Die Änderung am Sprechtempo kannst du durchführen.,Die Änderung am Sprechtempo kannst du durchführen.,clean,piper,de_DE-karlsson-low,low,die änderung am sprechtempo kannst du durchführen,1.0,1.0,generated,identical_to_clean,,
dataset:190:v1,dataset:190,dataset,YES,"Ja, verlangsame die Sprache wie vorgeschlagen.","Ja, verlangsame die Sprache wie vorgeschlagen.",moderate,piper,de_DE-thorsten-medium,medium,ja verlangsamt die sprache wie vorgeschlagen,0.977273,0.833333,generated,near_duplicate_clean,,
dataset:192:v1,dataset:192,dataset,YES,"Die Geschwindigkeit passt so, mach die Änderung.","Die Geschwindigkeit passt so, mach die Änderung.",moderate,piper,de_DE-kerstin-low,low,die geschwindigkeit passt so macht die änderung,0.989247,0.857143,generated,near_duplicate_clean,,
dataset:193:v1,dataset:193,dataset,YES,Nimm bitte das eben festgelegte Sprechtempo.,Nimm bitte das eben festgelegte Sprechtempo.,moderate,piper,de_DE-kerstin-low,low,nimm bitte das eben festgelegte sprechtempo,1.0,1.0,generated,identical_to_clean,,
dataset:194:v1,dataset:194,dataset,YES,Ich bestätige die Anpassung der Sprachausgabe.,Ich bestätige die Anpassung der Sprachausgabe.,moderate,piper,de_DE-karlsson-low,low,ich bestätige die anpassung der sprachausgabe,1.0,1.0,generated,identical_to_clean,,
dataset:197:v1,dataset:197,dataset,YES,"Ja, die vorgeschlagene Sprechgeschwindigkeit ist richtig.","Ja, die vorgeschlagene Sprechgeschwindigkeit ist richtig.",clean,piper,de_DE-thorsten-medium,medium,ja die vorgeschlagene sprechgeschwindigkeit ist richtig,1.0,1.0,generated,identical_to_clean,,
dataset:198:v1,dataset:198,dataset,YES,Führe diese Änderung am Vorlesetempo aus.,Führe diese Änderung am Vorlesetempo aus.,moderate,piper,de_DE-thorsten-medium,medium,führe diese änderung am vor lesetempo aus,0.987654,0.833333,generated,near_duplicate_clean,,
dataset:200:v1,dataset:200,dataset,YES,"Ja, ich möchte künftig die weibliche Stimme hören.","Ja, ich möchte künftig die weibliche Stimme hören.",moderate,piper,de_DE-thorsten-high,high,ja ich möchte künftig die weibliche stimme hören,1.0,1.0,generated,identical_to_clean,,
dataset:201:v1,dataset:201,dataset,YES,Der Sprecherwechsel ist so in Ordnung.,Der Sprecherwechsel ist so in Ordnung.,moderate,piper,de_DE-kerstin-low,low,der sprecher wechsel ist so in ordnung,0.986667,0.833333,generated,near_duplicate_clean,,
dataset:203:v1,dataset:203,dataset,YES,Diese Sprecherstimme möchte ich verwenden.,Diese Sprecherstimme möchte ich verwenden.,clean,piper,de_DE-thorsten-high,high,diese sprecherstimme möchte ich verwenden,1.0,1.0,generated,identical_to_clean,,
dataset:204:v1,dataset:204,dataset,YES,"Ja, wechsel auf die vorgeschlagene Stimme.","Ja, wechsel auf die vorgeschlagene Stimme.",moderate,piper,de_DE-thorsten-medium,medium,ja wechsel auf die vorgeschlagene stimmen,0.987654,0.833333,generated,near_duplicate_clean,,
dataset:205:v1,dataset:205,dataset,YES,Die ausgewählte Stimme kannst du übernehmen.,Die ausgewählte Stimme kannst du übernehmen.,clean,piper,de_DE-thorsten-high,high,die ausgewählte stimme kannst du übernehmen,1.0,1.0,generated,identical_to_clean,,
dataset:211:v1,dataset:211,dataset,YES,"Ja, diese Stimme ist die richtige.","Ja, diese Stimme ist die richtige.",moderate,piper,de_DE-kerstin-low,low,ja diese stimme ist die richtige,1.0,1.0,generated,identical_to_clean,,
dataset:212:v1,dataset:212,dataset,YES,Führe den vorgeschlagenen Stimmenwechsel durch.,Führe den vorgeschlagenen Stimmenwechsel durch.,clean,piper,de_DE-karlsson-low,low,führe den vorgeschlagenen stimmen wechsel durch,0.989247,0.8,generated,near_duplicate_clean,,
dataset:213:v1,dataset:213,dataset,YES,Die Sprachausgabe darf auf diese Stimme wechseln.,Die Sprachausgabe darf auf diese Stimme wechseln.,moderate,piper,de_DE-kerstin-low,low,die sprachausgabe darf auf diese stimme wechseln,1.0,1.0,generated,identical_to_clean,,
dataset:220:v1,dataset:220,dataset,YES,"Ich bestätige, dass du das Menü für die Distanzmessung verlassen darfst.","Ich bestätige, dass du das Menü für die Distanzmessung verlassen darfst.",moderate,piper,de_DE-karlsson-low,low,ich bestätige dass du das menü für die distanz messung verlassen darfst,0.992908,0.909091,generated,near_duplicate_clean,,
dataset:221:v1,dataset:221,dataset,YES,Geh aus den Einstellungen und führe den gespeicherten Befehl aus.,Geh aus den Einstellungen und führe den gespeicherten Befehl aus.,clean,piper,de_DE-thorsten-medium,medium,geh aus dem einstellungen und führe den gespeicherten befehl aus,0.984375,0.9,generated,near_duplicate_clean,,
dataset:222:v1,dataset:222,dataset,YES,"Ja, beende den Einstellungsdialog und erkenne den Text vor mir.","Ja, beende den Einstellungsdialog und erkenne den Text vor mir.",moderate,piper,de_DE-karlsson-low,low,ja beende den einstellung dialog und erkenne den text vor mir,0.983607,0.9,generated,near_duplicate_clean,,
dataset:223:v1,dataset:223,dataset,YES,"Du darfst die Einstellungen verlassen und prüfen, was im Weg steht.","Du darfst die Einstellungen verlassen und prüfen, was im Weg steht.",clean,piper,de_DE-karlsson-low,low,du darfst die einstellungen verlassen und prüfen was im weg steht,1.0,1.0,generated,identical_to_clean,,
dataset:226:v1,dataset:226,dataset,YES,Schließe die Einstellungen und leite die offene Frage weiter.,Schließe die Einstellungen und leite die offene Frage weiter.,clean,piper,de_DE-thorsten-medium,medium,schließe die einstellungen und leitet die offene frage weiter,0.991736,0.888889,generated,near_duplicate_clean,,
dataset:228:v1,dataset:228,dataset,YES,"Bestätigt, verlasse die Einstellungen und starte die zuvor gewünschte Funktion.","Bestätigt, verlasse die Einstellungen und starte die zuvor gewünschte Funktion.",clean,piper,de_DE-karlsson-low,low,bestätigt verlasse die einstellungen und starte die zuvor gewünschte funktion,1.0,1.0,generated,identical_to_clean,,
dataset:229:v1,dataset:229,dataset,NO,Die vorgeschlagene Frequenz möchte ich doch nicht übernehmen.,Die vorgeschlagene Frequenz möchte ich doch nicht übernehmen.,moderate,piper,de_DE-karlsson-low,low,die vorgeschlagene frequenz möchte jedoch nicht übernehmen,0.949153,0.75,generated,contrast_marker_lost,,
dataset:230:v1,dataset:230,dataset,NO,Lass den Ton bitte beim bisherigen Frequenzwert.,Lass den Ton bitte beim bisherigen Frequenzwert.,clean,piper,de_DE-thorsten-high,high,lass den ton bitte beim bisherigen frequenz wert,0.989474,0.857143,generated,near_duplicate_clean,,
dataset:232:v1,dataset:232,dataset,NO,Den neuen Frequenzwert bitte verwerfen.,Den neuen Frequenzwert bitte verwerfen.,moderate,piper,de_DE-thorsten-high,high,den neuen frequenz wert bitte verwerfen,0.987013,0.8,generated,near_duplicate_clean,,
dataset:235:v1,dataset:235,dataset,NO,Nimm für die Frequenz lieber weiterhin den alten Wert.,Nimm für die Frequenz lieber weiterhin den alten Wert.,moderate,piper,de_DE-thorsten-medium,medium,nimmt für die frequenz lieber weiterhin den alten wert,0.990654,0.888889,generated,near_duplicate_clean,,
dataset:236:v1,dataset:236,dataset,NO,Bitte speichere diese Frequenzeinstellung nicht.,Bitte speichere diese Frequenzeinstellung nicht.,moderate,piper,de_DE-karlsson-low,low,bitte speichere diese frequenz stellung,0.883721,0.6,generated,negation_lost,,
dataset:237:v1,dataset:237,dataset,NO,Die Frequenzänderung ist von mir nicht bestätigt.,Die Frequenzänderung ist von mir nicht bestätigt.,clean,piper,de_DE-thorsten-medium,medium,die frequenz änderung ist von mir nicht bestätigt,0.989691,0.857143,generated,near_duplicate_clean,,
dataset:239:v1,dataset:239,dataset,NO,Diese Änderung an der Frequenz soll nicht passieren.,Diese Änderung an der Frequenz soll nicht passieren.,clean,piper,de_DE-thorsten-high,high,diese änderungen an der frequenz soll nicht passieren,0.980769,0.875,generated,near_duplicate_clean,,
dataset:240:v1,dataset:240,dataset,NO,Der bisherige Frequenzwert ist mir lieber.,Der bisherige Frequenzwert ist mir lieber.,moderate,piper,de_DE-thorsten-high,high,der bisherige frequenz wert ist mir lieber,0.987952,0.833333,generated,near_duplicate_clean,,
dataset:241:v1,dataset:241,dataset,NO,Lass die Frequenzeinstellung unangetastet.,Lass die Frequenzeinstellung unangetastet.,clean,piper,de_DE-thorsten-medium,medium,lass die frequenz einstellung unangetastet,0.987952,0.75,generated,near_duplicate_clean,,
dataset:242:v1,dataset:242,dataset,NO,Ich lehne die vorgeschlagene Änderung der Frequenz ab.,Ich lehne die vorgeschlagene Änderung der Frequenz ab.,clean,piper,de_DE-thorsten-medium,medium,ich lehne die vorgeschlagene änderung der frequenz ab,1.0,1.0,generated,identical_to_clean,,
dataset:247:v1,dataset:247,dataset,NO,Der vorgeschlagene Signalabstand passt mir nicht.,Der vorgeschlagene Signalabstand passt mir nicht.,moderate,piper,de_DE-kerstin-low,low,der vorgeschlagene signal abstand passt mir nicht,0.989691,0.833333,generated,near_duplicate_clean,,
dataset:248:v1,dataset:248,dataset,NO,Diese Signalrate soll nicht eingestellt werden.,Diese Signalrate soll nicht eingestellt werden.,clean,piper,de_DE-karlsson-low,low,diese signal rate soll nicht eingestellt werden,0.989247,0.833333,generated,near_duplicate_clean,,
dataset:251:v1,dataset:251,dataset,NO,So oft sollen die Signale doch nicht kommen.,So oft sollen die Signale doch nicht kommen.,moderate,piper,de_DE-thorsten-high,high,so oft sollen die signale doch nicht kommen,1.0,1.0,generated,identical_to_clean,,
dataset:254:v1,dataset:254,dataset,NO,Lass das Intervall der Signale unverändert.,Lass das Intervall der Signale unverändert.,clean,piper,de_DE-thorsten-high,high,lass das intervall der signale unverändert,1.0,1.0,generated,identical_to_clean,,
dataset:255:v1,dataset:255,dataset,NO,Ich bestätige die Änderung der BPS nicht.,Ich bestätige die Änderung der Be Pe Es nicht.,moderate,piper,de_DE-karlsson-low,low,ich bestätige die änderung der bp es nicht,0.97561,0.857143,generated,near_duplicate_clean,,
dataset:256:v1,dataset:256,dataset,NO,Nimm nicht die eben vorgeschlagene Rate.,Nimm nicht die eben vorgeschlagene Rate.,moderate,piper,de_DE-thorsten-high,high,nämlich die gegen vorgeschlagen geraten,0.820513,0.166667,generated,heavy_information_loss|negation_lost,,
dataset:257:v1,dataset:257,dataset,NO,Die Signalrate soll so bleiben wie vorher.,Die Signalrate soll so bleiben wie vorher.,moderate,piper,de_DE-thorsten-medium,medium,die signal rate salto bleiben die freue,0.8,0.285714,generated,heavy_information_loss,,
dataset:260:v1,dataset:260,dataset,NO,Lass die Sprachausgabe so schnell wie bisher.,Lass die Sprachausgabe so schnell wie bisher.,clean,piper,de_DE-kerstin-low,low,lass die sprachausgabe so schnell wie bisher,1.0,1.0,generated,identical_to_clean,,
dataset:261:v1,dataset:261,dataset,NO,Ändere die Lesegeschwindigkeit doch nicht.,Ändere die Lesegeschwindigkeit doch nicht.,moderate,piper,de_DE-kerstin-low,low,hintere die lesegeschwindigkeit auch nicht,0.891566,0.6,generated,contrast_marker_lost,,
dataset:263:v1,dataset:263,dataset,NO,Bitte speichere diese Änderung am Sprechtempo nicht.,Bitte speichere diese Änderung am Sprechtempo nicht.,clean,piper,de_DE-thorsten-medium,medium,bitte speichere diese änderung am sprechtempo nicht,1.0,1.0,generated,identical_to_clean,,
dataset:264:v1,dataset:264,dataset,NO,Die Stimme soll weiterhin im bisherigen Tempo sprechen.,Die Stimme soll weiterhin im bisherigen Tempo sprechen.,clean,piper,de_DE-kerstin-low,low,die stimme soll weiterhin im bisherigen tempo sprechen,1.0,1.0,generated,identical_to_clean,,
dataset:265:v1,dataset:265,dataset,NO,Nimm nicht die eben festgelegte Geschwindigkeit.,Nimm nicht die eben festgelegte Geschwindigkeit.,clean,piper,de_DE-thorsten-high,high,nimm nicht die eben festgelegte geschwindigkeit,1.0,1.0,generated,identical_to_clean,,
dataset:266:v1,dataset:266,dataset,NO,Die Anpassung der Sprachausgabe möchte ich verwerfen.,Die Anpassung der Sprachausgabe möchte ich verwerfen.,clean,piper,de_DE-thorsten-high,high,die anpassung der sprachausgabe möchte ich verwerfen,1.0,1.0,generated,identical_to_clean,,
dataset:268:v1,dataset:268,dataset,NO,Verlangsame die Ausgabe bitte nicht.,Verlangsame die Ausgabe bitte nicht.,clean,piper,de_DE-thorsten-medium,medium,verlangsame die ausgabe bitte nicht,1.0,1.0,generated,identical_to_clean,,
dataset:269:v1,dataset:269,dataset,NO,Diese Sprechgeschwindigkeit soll nicht eingestellt werden.,Diese Sprechgeschwindigkeit soll nicht eingestellt werden.,moderate,piper,de_DE-karlsson-low,low,diese sprechgeschwindigkeit soll nicht eingestellt werden,1.0,1.0,generated,identical_to_clean,,
dataset:270:v1,dataset:270,dataset,NO,Der bisherige Wert für das Vorlesetempo soll bleiben.,Der bisherige Wert für das Vorlesetempo soll bleiben.,moderate,piper,de_DE-thorsten-medium,medium,der bisherige wert für das vorlese tempo soll bleiben,0.990476,0.875,generated,near_duplicate_clean,,
dataset:271:v1,dataset:271,dataset,NO,Ich lehne die vorgeschlagene Tempoänderung ab.,Ich lehne die vorgeschlagene Tempoänderung ab.,moderate,piper,de_DE-thorsten-medium,medium,ich lehne die vorgeschlagene tempo änderung ab,0.989011,0.833333,generated,near_duplicate_clean,,
dataset:272:v1,dataset:272,dataset,NO,Lass die Geschwindigkeit der gesprochenen Antworten unverändert.,Lass die Geschwindigkeit der gesprochenen Antworten unverändert.,moderate,piper,de_DE-kerstin-low,low,lass die geschwindigkeit der gesprochenen antworten unverändert,1.0,1.0,generated,identical_to_clean,,
dataset:273:v1,dataset:273,dataset,NO,Führe die Änderung am Sprechtempo nicht durch.,Führe die Änderung am Sprechtempo nicht durch.,moderate,piper,de_DE-thorsten-high,high,führe die änderung am sprechtempo nicht durch,1.0,1.0,generated,identical_to_clean,,
dataset:274:v1,dataset:274,dataset,NO,Die Männerstimme möchte ich doch nicht einstellen.,Die Männerstimme möchte ich doch nicht einstellen.,moderate,piper,de_DE-thorsten-high,high,die männerstimme möchte ich doch nicht einstellen,1.0,1.0,generated,identical_to_clean,,
dataset:276:v1,dataset:276,dataset,NO,Den Sprecherwechsel möchte ich nicht durchführen.,Den Sprecherwechsel möchte ich nicht durchführen.,moderate,piper,de_DE-thorsten-high,high,den sprecher wechseln möchte ich nicht durchführen,0.979592,0.833333,generated,near_duplicate_clean,,
dataset:277:v1,dataset:277,dataset,NO,Nimm doch nicht die andere Stimme.,Nimm doch nicht die andere Stimme.,clean,piper,de_DE-karlsson-low,low,nimm doch nicht die andere stimmen,0.985075,0.833333,generated,near_duplicate_clean,,
dataset:278:v1,dataset:278,dataset,NO,Die vorgeschlagene Sprecherstimme passt mir nicht.,Die vorgeschlagene Sprecherstimme passt mir nicht.,clean,piper,de_DE-kerstin-low,low,die vorgeschlagene sprecherstimme passt mir nicht,1.0,1.0,generated,identical_to_clean,,
dataset:279:v1,dataset:279,dataset,NO,Wechsel nicht auf die Frauenstimme.,Wechsel nicht auf die Frauenstimme.,clean,piper,de_DE-thorsten-high,high,wechsel nicht auf die frauenstimme,1.0,1.0,generated,identical_to_clean,,
dataset:280:v1,dataset:280,dataset,NO,Bitte behalte den bisherigen Sprecher.,Bitte behalte den bisherigen Sprecher.,moderate,piper,de_DE-karlsson-low,low,bitte behalte den bisherigen sprecher,1.0,1.0,generated,identical_to_clean,,
dataset:282:v1,dataset:282,dataset,NO,Den Wechsel zur männlichen Stimme bestätige ich nicht.,Den Wechsel zur männlichen Stimme bestätige ich nicht.,moderate,piper,de_DE-karlsson-low,low,dem wechsel zur männlichen stimme bestätige ich nicht,0.981132,0.875,generated,near_duplicate_clean,,
dataset:283:v1,dataset:283,dataset,NO,Lass die ausgewählte Stimme bitte unverändert.,Lass die ausgewählte Stimme bitte unverändert.,moderate,piper,de_DE-thorsten-medium,medium,lass die ausgewählte stimme bitte unverändert,1.0,1.0,generated,identical_to_clean,,
dataset:284:v1,dataset:284,dataset,NO,Die Sprecherstimme soll nicht gewechselt werden.,Die Sprecherstimme soll nicht gewechselt werden.,clean,piper,de_DE-thorsten-medium,medium,die sprecherstimme soll nicht gewechselt werden,1.0,1.0,generated,identical_to_clean,,
dataset:285:v1,dataset:285,dataset,NO,Ich möchte den vorgeschlagenen Stimmenwechsel verwerfen.,Ich möchte den vorgeschlagenen Stimmenwechsel verwerfen.,clean,piper,de_DE-karlsson-low,low,ich möchte den vorgeschlagenen stimmen wechsel verwerfen,0.990991,0.833333,generated,near_duplicate_clean,,
dataset:290:v1,dataset:290,dataset,NO,Ich möchte das Menü für die Objekterkennung noch nicht verlassen.,Ich möchte das Menü für die Objekterkennung noch nicht verlassen.,clean,piper,de_DE-karlsson-low,low,ich möchte das menü für die objekt erkennung noch nicht verlassen,0.992248,0.9,generated,near_duplicate_clean,,
dataset:292:v1,dataset:292,dataset,NO,Führe die vorherige Frage jetzt nicht außerhalb des Menüs aus.,Führe die vorherige Frage jetzt nicht außerhalb des Menüs aus.,clean,piper,de_DE-karlsson-low,low,führe die vorherige frage jetzt nicht außerhalb des menüs aus,1.0,1.0,generated,identical_to_clean,,
dataset:297:v1,dataset:297,dataset,NO,Ich möchte den Einstellungsdialog für die Texterkennung nicht verlassen.,Ich möchte den Einstellungsdialog für die Texterkennung nicht verlassen.,moderate,piper,de_DE-kerstin-low,low,ich möchte den einstellung dialog für die text erkennung nicht verlassen,0.979021,0.777778,generated,near_duplicate_clean,,
dataset:301:v1,dataset:301,dataset,NO,Leite meine offene Frage jetzt nicht an die Assistenz weiter.,Leite meine offene Frage jetzt nicht an die Assistenz weiter.,clean,piper,de_DE-karlsson-low,low,leiter meine offene frage jetzt nicht an die assistenz weiter,0.991736,0.9,generated,near_duplicate_clean,,
